{
  "eps": 1e-06,
  "clip_min": -4.0,
  "clip_max": 4.0,
  "center_": [
    6.0,
    6.0,
    283.0,
    4.5,
    103.5,
    1.0,
    10.0,
    9.5,
    0.0,
    2543.0,
    2535.5,
    0.0,
    82.0,
    82.0,
    153.5,
    57.0,
    0.019607843831181526,
    1.0959595441818237,
    0.0,
    0.0,
    0.0,
    0.0,
    20523.5,
    5000.75,
    3.0,
    0.5,
    0.0,
    0.0,
    0.0,
    269.0,
    0.0,
    0.0,
    0.0,
    0.0,
    0.0,
    0.0,
    2.5,
    64.25,
    35.0,
    4.5,
    0.0,
    0.0,
    0.0,
    0.0
  ],
  "scale_": [
    11.0,
    45.0,
    413712.625,
    749.5,
    1138.5,
    6.0,
    26.5,
    16.0,
    23.0,
    61333.875,
    61365.25,
    1275.25,
    95.5,
    95.5,
    1209.25,
    128.5,
    2.8181819915771484,
    7.0116448402404785,
    1.0,
    1.0,
    1.0,
    1.0,
    220835.25,
    320619.5,
    8.0,
    1.0,
    61.0,
    249.0,
    160.25,
    4608.0,
    14600.0,
    1.0,
    1.0,
    1.0,
    30.0,
    1.0,
    9.0,
    1147.375,
    329.125,
    199.5,
    9.625,
    523.0,
    188.0,
    157.5
  ]
}