{
  "type": "RobustScaler",
  "center_": [
    6.0,
    5.0,
    234.0,
    4.0,
    132.0,
    1.0,
    0.0,
    0.0,
    0.0,
    1004.0,
    905.0,
    0.0,
    64.0,
    64.0,
    156.0,
    59.0,
    0.01873016357421875,
    0.3496503531932831,
    0.0,
    0.0,
    0.0,
    0.0,
    17535.0,
    6736.0,
    2.0,
    0.0,
    0.0,
    0.0,
    0.0,
    282.0,
    0.0,
    0.0,
    0.0,
    0.0,
    0.0,
    0.0,
    0.0,
    98.0,
    36.0,
    4.0,
    0.0,
    0.0,
    0.0,
    0.0
  ],
  "scale_": [
    11.0,
    36.0,
    1881.0,
    14.0,
    789.0,
    6.0,
    27.0,
    26.0,
    26.0,
    30075.0,
    29143.75,
    1382.5,
    127.0,
    127.0,
    1139.0,
    34.0,
    3.0,
    8.0,
    1.0,
    1.0,
    1.0,
    1.0,
    229300.25,
    106666.0,
    9.0,
    1.0,
    1.0,
    1.0,
    1.0,
    8192.0,
    8192.0,
    1.0,
    1.0,
    1.0,
    5.0,
    1.0,
    17.0,
    1200.0,
    338.0,
    107.0,
    1.0,
    116.0,
    47.0,
    48.0
  ],
  "quantile_range": [
    25.0,
    75.0
  ],
  "clip_min": -8.0,
  "clip_max": 8.0
}