{
  "n_layers": 1,
  "first_layer": 944,
  "latent_dim": 114,
  "dropout": 0.03218527284940768,
  "activation": "relu",
  "weight_decay": 1e-08,
  "grad_clip": 5.0,
  "lr": 0.0020282821328781093,
  "sgd_momentum": 0.054178716204861366,
  "sgd_nesterov": true,
  "beta": 1.3700374771659845,
  "beta_warmup_rounds": 13,
  "batch_size": 64,
  "local_epochs": 8,
  "recon_type": "mse",
  "score_type": "recon",
  "clip_abs": 5.0,
  "prox_mu": 0.0931775311580295,
  "optimizer": "sgd",
  "clip_min": -5.0,
  "clip_max": 5.0,
  "rounds": 120,
  "early_stop_patience": 2
}