{
  "n_layers": 1,
  "first_layer": 304,
  "latent_dim": 117,
  "dropout": 0.33965619076508813,
  "activation": "gelu",
  "weight_decay": 1e-10,
  "grad_clip": 2.0,
  "lr": 0.004456121871806656,
  "sgd_momentum": 0.577039785573125,
  "sgd_nesterov": false,
  "beta": 0.19644733101689643,
  "beta_warmup_rounds": 14,
  "batch_size": 256,
  "local_epochs": 3,
  "recon_type": "mse",
  "score_type": "recon",
  "clip_abs": 8.0,
  "prox_mu": 0.00017234038402408293,
  "optimizer": "sgd",
  "clip_min": -8.0,
  "clip_max": 8.0,
  "rounds": 120,
  "early_stop_patience": 3
}