{
  "n_layers": 2,
  "first_layer": 701,
  "layer_1_dropoff": 0.5018388179694604,
  "latent_dim": 107,
  "dropout": 0.22797624438896466,
  "activation": "relu",
  "weight_decay": 1e-06,
  "grad_clip": 2.0,
  "lr": 0.007873612264296368,
  "sgd_momentum": 0.9281629762550585,
  "sgd_nesterov": false,
  "beta": 1.5518500869299896,
  "beta_warmup_rounds": 8,
  "batch_size": 256,
  "local_epochs": 1,
  "recon_type": "mse",
  "score_type": "recon+kl",
  "clip_abs": 6.0,
  "server_lr": 0.006151582931514302,
  "server_tau": 0.00013549863211325793,
  "server_beta1": 0.894605422532782,
  "server_beta2": 0.983727678537209,
  "optimizer": "sgd",
  "clip_min": -6.0,
  "clip_max": 6.0,
  "rounds": 120,
  "early_stop_patience": 10,
  "server_bias_correction": true
}