{
  "eps": 1e-06,
  "clip_min": -6.0,
  "clip_max": 6.0,
  "center_": [
    6.0,
    5.0,
    243.0,
    4.0,
    20.0,
    0.5,
    1.0,
    1.0,
    0.0,
    2524.0,
    2523.5,
    0.0,
    32.0,
    32.0,
    99.5,
    61.0,
    0.019607843831181526,
    1.0959595441818237,
    0.0,
    0.0,
    0.0,
    0.0,
    200723.5,
    156.5,
    1.5,
    0.0,
    0.0,
    0.0,
    0.0,
    653.0,
    0.0,
    0.0,
    0.0,
    0.0,
    0.0,
    0.0,
    2.5,
    49.5,
    22.5,
    4.5,
    0.0,
    0.0,
    0.0,
    0.0
  ],
  "scale_": [
    5.5,
    9.5,
    413104.25,
    746.0,
    274.5,
    3.5,
    21.0,
    8.5,
    18.0,
    59929.5,
    60017.5,
    98.5,
    31.5,
    31.5,
    670.5,
    126.5,
    1.8181818723678589,
    7.0116448402404785,
    1.0,
    1.0,
    1.0,
    1.0,
    110763.5,
    102784.875,
    4.0,
    1.0,
    60.5,
    248.5,
    159.75,
    910.5,
    1.0,
    1.0,
    1.0,
    0.5,
    1.0,
    1.0,
    9.0,
    545.875,
    165.5,
    18.0,
    1.0,
    46.5,
    6.0,
    4.5
  ]
}