{
  "type": "RobustScaler",
  "center_": [
    6.0,
    5.0,
    89.0,
    1.0,
    0.0,
    0.0,
    2.0,
    2.0,
    0.0,
    12.0,
    0.0,
    0.0,
    0.0,
    0.0,
    71.0,
    52.0,
    0.0,
    0.3109123110771179,
    0.0,
    0.0,
    0.0,
    0.0,
    163471.5,
    0.0,
    1.0,
    0.0,
    0.0,
    0.0,
    0.0,
    512.0,
    0.0,
    0.0,
    0.0,
    0.0,
    0.0,
    0.0,
    0.0,
    0.0,
    0.0,
    0.0,
    0.0,
    0.0,
    0.0,
    0.0
  ],
  "scale_": [
    11.0,
    7.0,
    382.0,
    6.0,
    76.0,
    1.0,
    22.0,
    17.0,
    16.0,
    5046.0,
    5047.0,
    1.0,
    64.0,
    64.0,
    283.0,
    30.0,
    2.0,
    6.666666507720947,
    1.0,
    1.0,
    1.0,
    1.0,
    368196.25,
    48000.0,
    1.0,
    1.0,
    1.0,
    1.0,
    1.0,
    1024.0,
    1.0,
    1.0,
    1.0,
    1.0,
    1.0,
    1.0,
    5.0,
    99.0,
    47.0,
    11.0,
    1.0,
    1.0,
    1.0,
    1.0
  ],
  "quantile_range": [
    25.0,
    75.0
  ],
  "clip_min": -8.0,
  "clip_max": 8.0
}