{
  "n_layers": 1,
  "first_layer": 512,
  "latent_dim": 47,
  "dropout": 0.24018235696195628,
  "activation": "relu",
  "weight_decay": 1e-08,
  "grad_clip": 2.0,
  "lr": 0.00385497814775382,
  "sgd_momentum": 0.9385127156766905,
  "sgd_nesterov": true,
  "beta": 1.2683711258457415,
  "beta_warmup_rounds": 4,
  "batch_size": 256,
  "local_epochs": 1,
  "recon_type": "mse",
  "score_type": "recon+kl",
  "clip_abs": 8.0,
  "server_lr": 0.018937344105923303,
  "server_tau": 0.00018722321532076803,
  "server_beta1": 0.8813437193721777,
  "server_beta2": 0.9743149650966358,
  "optimizer": "sgd",
  "clip_min": -8.0,
  "clip_max": 8.0,
  "rounds": 120,
  "early_stop_patience": 10,
  "server_bias_correction": true
}