{
  "n_layers": 1,
  "first_layer": 272,
  "latent_dim": 128,
  "dropout": 0.2908441567332306,
  "activation": "gelu",
  "weight_decay": 0.0001,
  "grad_clip": 5.0,
  "lr": 0.007590552234965266,
  "sgd_momentum": 0.42360801078013277,
  "sgd_nesterov": true,
  "beta": 0.1792120028727341,
  "beta_warmup_rounds": 5,
  "batch_size": 512,
  "local_epochs": 1,
  "recon_type": "mse",
  "score_type": "recon",
  "clip_abs": 6.0,
  "server_lr": 0.006022614616502846,
  "server_tau": 0.0002384084221315471,
  "server_beta1": 0.8583234274271272,
  "server_beta2": 0.9888640607074707,
  "optimizer": "sgd",
  "clip_min": -6.0,
  "clip_max": 6.0,
  "rounds": 120,
  "early_stop_patience": 10,
  "server_bias_correction": true
}