{
  "trial_number": 45,
  "value": 0.8298266455613136,
  "user_attrs": {
    "NF-BoT-IoT-v3__test_auroc": 0.5257401009707569,
    "NF-BoT-IoT-v3__val_auroc": 0.5270744865140251,
    "NF-CICIDS2018-v3__test_auroc": 0.8371601739421685,
    "NF-CICIDS2018-v3__val_auroc": 0.8337911246262519,
    "NF-ToN-IoT-v3__test_auroc": 0.8373281323796997,
    "NF-ToN-IoT-v3__val_auroc": 0.8267045695100679,
    "activation": "gelu",
    "aggregation_method": "fedadam",
    "batch_size": 512,
    "beta": 0.1792120028727341,
    "beta_warmup_rounds": 5,
    "clip_abs": 6.0,
    "clip_max": 6.0,
    "clip_min": -6.0,
    "dropout": 0.2908441567332306,
    "early_stop_patience": 10,
    "first_layer": 272,
    "grad_clip": 5.0,
    "hidden_dims": [
      272
    ],
    "hpo_seeds": [
      42,
      43,
      44,
      45
    ],
    "latent_dim": 128,
    "local_epochs": 1,
    "lr": 0.007590552234965266,
    "n_layers": 1,
    "optimizer": "sgd",
    "recon_type": "mse",
    "rounds": 120,
    "score_type": "recon",
    "seed_seen_obj_mean": 0.8298266455613136,
    "seed_seen_obj_std": 0.011682664987109863,
    "seed_unseen_val_obj_mean": 0.5266960931458055,
    "seed_unseen_val_obj_std": 0.0070658357496786,
    "seen_test_mean": 0.837244153160934,
    "seen_test_min": 0.8371601739421685,
    "server_beta1": 0.8583234274271272,
    "server_beta2": 0.9888640607074707,
    "server_bias_correction": true,
    "server_lr": 0.006022614616502846,
    "server_tau": 0.0002384084221315471,
    "sgd_momentum": 0.42360801078013277,
    "sgd_nesterov": true,
    "unseen__test_auroc": 0.5257401009707569,
    "unseen__val_auroc": 0.5270744865140251,
    "unseen_test_auroc": 0.5257401009707569,
    "weight_decay": 0.0001
  },
  "selection_rule": {
    "objective": "maximize seen validation objective"
  }
}