{
  "n_layers": 3,
  "first_layer": 997,
  "layer_1_dropoff": 0.9358414665711536,
  "layer_2_dropoff": 0.8550808256603493,
  "latent_dim": 123,
  "dropout": 0.1719253351546328,
  "activation": "elu",
  "weight_decay": 0.0,
  "grad_clip": null,
  "lr": 0.011837733033502289,
  "sgd_momentum": 0.34539750208823267,
  "sgd_nesterov": true,
  "beta": 0.1964873496686956,
  "beta_warmup_rounds": 9,
  "batch_size": 64,
  "local_epochs": 8,
  "recon_type": "huber",
  "score_type": "recon",
  "clip_abs": 5.0,
  "prox_mu": 0.0016608739766509342,
  "optimizer": "sgd",
  "clip_min": -5.0,
  "clip_max": 5.0,
  "rounds": 120,
  "early_stop_patience": 2
}